<application>
  <component name="com.kagof.intellij.plugins.pokeprogress.configuration.PokemonProgressState">
    <option name="version" value="2.1.1" />
    <option name="initialVelocity" value="0.1" />
    <option name="acceleration" value="0.05" />
    <option name="theme" value="smooth" />
    <option name="colorScheme" value="2_Artemis251" />
    <option name="maximumHeight" value="64" />
    <option name="restrictMinimumHeight" value="true" />
    <option name="minimumHeight" value="30" />
  </component>
</application>