<application>
  <component name="ArraySettings">
    <option name="schemes">
      <list>
        <ArrayScheme>
          <option name="count" value="10" />
        </ArrayScheme>
      </list>
    </option>
  </component>
  <component name="DecimalSettings">
    <option name="schemes">
      <list>
        <DecimalScheme>
          <option name="maxValue" value="1.0E7" />
        </DecimalScheme>
      </list>
    </option>
  </component>
  <component name="IntegerSettings">
    <option name="schemes">
      <list>
        <IntegerScheme>
          <option name="maxValue" value="10000000" />
        </IntegerScheme>
        <IntegerScheme>
          <option name="maxValue" value="127" />
          <option name="minValue" value="-128" />
          <option name="myName" value="Byte" />
        </IntegerScheme>
        <IntegerScheme>
          <option name="base" value="16" />
          <option name="maxValue" value="256" />
          <option name="myName" value="Hex" />
          <option name="prefix" value="0x" />
        </IntegerScheme>
      </list>
    </option>
  </component>
  <component name="StringSettings">
    <option name="schemes">
      <list>
        <StringScheme>
          <option name="maxLength" value="100" />
        </StringScheme>
      </list>
    </option>
  </component>
  <component name="WordSettings">
    <option name="schemes">
      <list>
        <WordScheme>
          <option name="maxLength" value="20" />
        </WordScheme>
      </list>
    </option>
  </component>
</application>